station_id,station_name,date,air_temp,atmos_pres,sea_pres,altimeter,precip
USW00003991,DENTON MUNICPAL AP,2025-01-01T00:00:00Z,7.8,997.5,1021,1021,0
USW00003991,DENTON MUNICPAL AP,2025-01-01T01:00:00Z,3.9,998.2,1021.7,1021.7,0
USW00003991,DENTON MUNICPAL AP,2025-01-01T02:00:00Z,5,998.5,1022,1022,0
USW00003991,DENTON MUNICPAL AP,2025-01-01T03:00:00Z,3.3,999.5,1023.2,1023,0
USW00003991,DENTON MUNICPAL AP,2025-01-01T04:00:00Z,3.3,1000.5,1024,1024,0
USW00003991,DENTON MUNICPAL AP,2025-01-01T05:00:00Z,3.9,1000.8,1024.3,1024.4,0
USW00003991,DENTON MUNICPAL AP,2025-01-01T06:00:00Z,3.3,1001.5,1024.8,1025.1,0
USW00003991,DENTON MUNICPAL AP,2025-01-01T07:00:00Z,2.2,1002.2,1025.6,1025.7,0
USW00003991,DENTON MUNICPAL AP,2025-01-01T08:00:00Z,3.9,1002.5,1025.9,1026.1,0
USW00003991,DENTON MUNICPAL AP,2025-01-01T09:00:00Z,1.7,1003.2,1026.5,1026.8,0
USW00003991,DENTON MUNICPAL AP,2025-01-01T10:00:00Z,2.2,1003.5,1027,1027.1,0
USW00003991,DENTON MUNICPAL AP,2025-01-01T11:00:00Z,0.6,1004.2,1028,1027.8,0
USW00003991,DENTON MUNICPAL AP,2025-01-01T12:00:00Z,1.1,1005.5,1029.3,1029.1,0
USW00003991,DENTON MUNICPAL AP,2025-01-01T13:00:00Z,-0.6,1005.8,1029.6,1029.5,0
USW00003991,DENTON MUNICPAL AP,2025-01-01T14:00:00Z,2.8,1006.2,1030,1029.8,0
USW00003991,DENTON MUNICPAL AP,2025-01-01T15:00:00Z,4.4,1006.8,1030.6,1030.5,0
USW00003991,DENTON MUNICPAL AP,2025-01-01T16:00:00Z,5.6,1007.1,1030.9,1030.8,0
USW00003991,DENTON MUNICPAL AP,2025-01-01T17:00:00Z,6.1,1005.8,1029.6,1029.5,0
USW00003991,DENTON MUNICPAL AP,2025-01-01T18:00:00Z,7.8,1004.5,1028.2,1028.1,0
USW00003991,DENTON MUNICPAL AP,2025-01-01T19:00:00Z,8.9,1003.8,1027.4,1027.4,0
USW00003991,DENTON MUNICPAL AP,2025-01-01T20:00:00Z,9.4,1003.2,1026.8,1026.8,0
USW00003991,DENTON MUNICPAL AP,2025-01-01T21:00:00Z,10,1003.2,1026.7,1026.8,0
USW00003991,DENTON MUNICPAL AP,2025-01-01T22:00:00Z,8.9,1002.8,1026.3,1026.4,0
USW00003991,DENTON MUNICPAL AP,2025-01-01T23:00:00Z,6.1,1002.5,1026.3,1026.1,0
USW00003991,DENTON MUNICPAL AP,2025-01-02T00:00:00Z,4.4,1002.8,1026.5,1026.4,0
USW00003991,DENTON MUNICPAL AP,2025-01-02T01:00:00Z,2.8,1002.8,1026.7,1026.4,0
USW00003991,DENTON MUNICPAL AP,2025-01-02T02:00:00Z,0,1002.8,1026.8,1026.4,0
USW00003991,DENTON MUNICPAL AP,2025-01-02T03:00:00Z,-0.6,1003.2,1026.9,1026.8,0
USW00003991,DENTON MUNICPAL AP,2025-01-02T04:00:00Z,-1.1,1003.5,1027.3,1027.1,0
USW00003991,DENTON MUNICPAL AP,2025-01-02T05:00:00Z,-1.7,1003.2,1027,1026.8,0
USW00003991,DENTON MUNICPAL AP,2025-01-02T06:00:00Z,-1.7,1002.5,1026.2,1026.1,0
USW00003991,DENTON MUNICPAL AP,2025-01-02T07:00:00Z,-1.7,1002.2,1025.8,1025.7,0
USW00003991,DENTON MUNICPAL AP,2025-01-02T08:00:00Z,-1.7,1002.2,1025.9,1025.7,0
USW00003991,DENTON MUNICPAL AP,2025-01-02T09:00:00Z,-2.8,1001.8,1025.5,1025.4,0
USW00003991,DENTON MUNICPAL AP,2025-01-02T10:00:00Z,-2.2,1001.8,1025.6,1025.4,0
USW00003991,DENTON MUNICPAL AP,2025-01-02T11:00:00Z,-2.8,1001.8,1025.8,1025.4,0
USW00003991,DENTON MUNICPAL AP,2025-01-02T12:00:00Z,-2.2,1001.8,1025.8,1025.4,0
USW00003991,DENTON MUNICPAL AP,2025-01-02T13:00:00Z,-1.7,1002.2,1025.9,1025.7,0
USW00003991,DENTON MUNICPAL AP,2025-01-02T14:00:00Z,2.2,1002.5,1026.4,1026.1,0
USW00003991,DENTON MUNICPAL AP,2025-01-02T15:00:00Z,7.2,1002.5,1026.2,1026.1,0
USW00003991,DENTON MUNICPAL AP,2025-01-02T16:00:00Z,11.1,1002.8,1026.3,1026.4,0
USW00003991,DENTON MUNICPAL AP,2025-01-02T17:00:00Z,13.9,1001.8,1025.5,1025.4,0
USW00003991,DENTON MUNICPAL AP,2025-01-02T18:00:00Z,14.4,999.8,1023.3,1023.4,0
USW00003991,DENTON MUNICPAL AP,2025-01-02T19:00:00Z,15.6,998.8,1022.2,1022.4,0
USW00003991,DENTON MUNICPAL AP,2025-01-02T20:00:00Z,16.7,998.2,1021.6,1021.7,0
USW00003991,DENTON MUNICPAL AP,2025-01-02T21:00:00Z,15.6,998.2,1021.6,1021.7,0
USW00003991,DENTON MUNICPAL AP,2025-01-02T22:00:00Z,14.4,998.5,1021.9,1022,0
USW00003991,DENTON MUNICPAL AP,2025-01-02T23:00:00Z,12.2,998.8,1022.2,1022.4,0
USW00003991,DENTON MUNICPAL AP,2025-01-03T00:00:00Z,9.4,999.8,1023.5,1023.4,0
USW00003991,DENTON MUNICPAL AP,2025-01-03T01:00:00Z,10,1000.8,1024.3,1024.4,0
USW00003991,DENTON MUNICPAL AP,2025-01-03T02:00:00Z,8.9,1001.5,1025.1,1025.1,0
USW00003991,DENTON MUNICPAL AP,2025-01-03T03:00:00Z,6.1,1002.2,1025.6,1025.7,0
USW00003991,DENTON MUNICPAL AP,2025-01-03T04:00:00Z,2.8,1002.5,1025.9,1026.1,0
USW00003991,DENTON MUNICPAL AP,2025-01-03T05:00:00Z,2.8,1003.2,1026.7,1026.8,0
USW00003991,DENTON MUNICPAL AP,2025-01-03T06:00:00Z,2.8,1002.8,1026.4,1026.4,0
USW00003991,DENTON MUNICPAL AP,2025-01-03T07:00:00Z,1.1,1003.5,1026.9,1027.1,0
USW00003991,DENTON MUNICPAL AP,2025-01-03T08:00:00Z,2.8,1004.2,1027.5,1027.8,0
USW00003991,DENTON MUNICPAL AP,2025-01-03T09:00:00Z,2.2,1004.2,1027.7,1027.8,0
USW00003991,DENTON MUNICPAL AP,2025-01-03T10:00:00Z,2.2,1003.8,1027.4,1027.4,0
USW00003991,DENTON MUNICPAL AP,2025-01-03T11:00:00Z,2.8,1004.5,1028.1,1028.1,0
USW00003991,DENTON MUNICPAL AP,2025-01-03T12:00:00Z,3.3,1005.8,1029.3,1029.5,0
USW00003991,DENTON MUNICPAL AP,2025-01-03T13:00:00Z,2.8,1005.5,1029.1,1029.1,0
USW00003991,DENTON MUNICPAL AP,2025-01-03T14:00:00Z,6.1,1005.8,1029.4,1029.5,0
USW00003991,DENTON MUNICPAL AP,2025-01-03T15:00:00Z,7.8,1007.1,1030.7,1030.8,0
USW00003991,DENTON MUNICPAL AP,2025-01-03T16:00:00Z,10.6,1006.8,1030.6,1030.5,0
USW00003991,DENTON MUNICPAL AP,2025-01-03T17:00:00Z,12.8,1005.5,1029,1029.1,0
USW00003991,DENTON MUNICPAL AP,2025-01-03T18:00:00Z,14.4,1004.5,1028,1028.1,0
USW00003991,DENTON MUNICPAL AP,2025-01-03T19:00:00Z,15,1003.5,1026.9,1027.1,0
USW00003991,DENTON MUNICPAL AP,2025-01-03T20:00:00Z,16.1,1002.5,1026,1026.1,0
USW00003991,DENTON MUNICPAL AP,2025-01-03T21:00:00Z,16.1,1002.2,1025.5,1025.7,0
USW00003991,DENTON MUNICPAL AP,2025-01-03T22:00:00Z,15.6,1001.8,1025.3,1025.4,0
USW00003991,DENTON MUNICPAL AP,2025-01-03T23:00:00Z,14.4,1001.8,1025.1,1025.4,0
USW00003991,DENTON MUNICPAL AP,2025-01-04T00:00:00Z,12.2,1001.8,1025.3,1025.4,0
USW00003991,DENTON MUNICPAL AP,2025-01-04T01:00:00Z,13.3,1001.5,1025,1025.1,0
USW00003991,DENTON MUNICPAL AP,2025-01-04T02:00:00Z,13.3,1001.5,1024.9,1025.1,0
USW00003991,DENTON MUNICPAL AP,2025-01-04T03:00:00Z,13.9,1001.5,1024.8,1025.1,0
USW00003991,DENTON MUNICPAL AP,2025-01-04T04:00:00Z,13.3,1001.5,1024.6,1025.1,0
USW00003991,DENTON MUNICPAL AP,2025-01-04T05:00:00Z,13.3,1000.8,1024,1024.4,0
USW00003991,DENTON MUNICPAL AP,2025-01-04T06:00:00Z,12.8,999.8,1023,1023.4,0
USW00003991,DENTON MUNICPAL AP,2025-01-04T07:00:00Z,12.2,999.5,1022.7,1023,0
USW00003991,DENTON MUNICPAL AP,2025-01-04T08:00:00Z,12.2,999.5,1022.5,1023,0
USW00003991,DENTON MUNICPAL AP,2025-01-04T09:00:00Z,12.2,998.8,1022.1,1022.4,0
USW00003991,DENTON MUNICPAL AP,2025-01-04T10:00:00Z,12.8,998.5,1021.6,1022,0
USW00003991,DENTON MUNICPAL AP,2025-01-04T11:00:00Z,12.8,998,1021,1021.5,0
USW00003991,DENTON MUNICPAL AP,2025-01-04T12:00:00Z,12.8,997.8,1021.1,1021.3,0
USW00003991,DENTON MUNICPAL AP,2025-01-04T13:00:00Z,12.8,997.8,1020.9,1021.3,0
USW00003991,DENTON MUNICPAL AP,2025-01-04T14:00:00Z,13.3,997.5,1020.5,1021,0
USW00003991,DENTON MUNICPAL AP,2025-01-04T15:00:00Z,13.95,997.65,1020.8,1021.15,0
USW00003991,DENTON MUNICPAL AP,2025-01-04T16:00:00Z,14.4,997.2,1020.4,1020.7,0
USW00003991,DENTON MUNICPAL AP,2025-01-04T17:00:00Z,15,995.8,1018.9,1019.3,0
USW00003991,DENTON MUNICPAL AP,2025-01-04T18:00:00Z,15.6,994.2,1017.1,1017.6,0
USW00003991,DENTON MUNICPAL AP,2025-01-04T19:00:00Z,16.7,992.2,1015.3,1015.6,0
USW00003991,DENTON MUNICPAL AP,2025-01-04T20:00:00Z,17.2,991.2,1014.2,1014.6,0
USW00003991,DENTON MUNICPAL AP,2025-01-04T21:00:00Z,17.9666666666667,990.766666666667,1013.5,1014.1,0
USW00003991,DENTON MUNICPAL AP,2025-01-04T22:00:00Z,18.3,990.05,1012.6,1013.35,0
USW00003991,DENTON MUNICPAL AP,2025-01-04T23:00:00Z,18.15,989.2,1011.9,1012.5,0
USW00003991,DENTON MUNICPAL AP,2025-01-05T00:00:00Z,18.05,988.55,1011.2,1011.85,0
USW00003991,DENTON MUNICPAL AP,2025-01-05T01:00:00Z,17.2,988.2,1011,1011.5,0
USW00003991,DENTON MUNICPAL AP,2025-01-05T02:00:00Z,16.7,987.5,1010.5,1010.8,0
USW00003991,DENTON MUNICPAL AP,2025-01-05T03:00:00Z,16.7,987.4,1009.7,1010.7,0
USW00003991,DENTON MUNICPAL AP,2025-01-05T04:00:00Z,16.7,986.5,1009.2,1009.8,0
USW00003991,DENTON MUNICPAL AP,2025-01-05T05:00:00Z,16.8666666666667,986.1,1008.6,1009.36666666667,0
USW00003991,DENTON MUNICPAL AP,2025-01-05T06:00:00Z,17.75,985.05,1007.5,1008.3,0
USW00003991,DENTON MUNICPAL AP,2025-01-05T07:00:00Z,18.9,984.2,1006.8,1007.5,0
USW00003991,DENTON MUNICPAL AP,2025-01-05T08:00:00Z,19.4,983.9,1006.4,1007.1,0
USW00003991,DENTON MUNICPAL AP,2025-01-05T09:00:00Z,19.4,983.6,1006,1006.8,0
USW00003991,DENTON MUNICPAL AP,2025-01-05T10:00:00Z,18.9,983.6,1006,1006.8,0
USW00003991,DENTON MUNICPAL AP,2025-01-05T11:00:00Z,18.3,984.2,1006.7,1007.5,0
USW00003991,DENTON MUNICPAL AP,2025-01-05T12:00:00Z,14.425,985.2,1009.3,1008.475,0
USW00003991,DENTON MUNICPAL AP,2025-01-05T13:00:00Z,7.53333333333333,988.433333333333,1012.3,1011.73333333333,0
USW00003991,DENTON MUNICPAL AP,2025-01-05T14:00:00Z,4.4,991.2,1014.3,1014.6,0
USW00003991,DENTON MUNICPAL AP,2025-01-05T15:00:00Z,4.2,992.35,1015.7,1015.75,0
USW00003991,DENTON MUNICPAL AP,2025-01-05T16:00:00Z,3.9,993.9,1017,1017.3,0
USW00003991,DENTON MUNICPAL AP,2025-01-05T17:00:00Z,3.3,994.2,1017.4,1017.6,0
USW00003991,DENTON MUNICPAL AP,2025-01-05T18:00:00Z,3.9,993.5,1016.6,1016.9,0
USW00003991,DENTON MUNICPAL AP,2025-01-05T19:00:00Z,4.4,993.5,1016.6,1016.9,0
USW00003991,DENTON MUNICPAL AP,2025-01-05T20:00:00Z,3.3,994.5,1017.6,1017.9,0
USW00003991,DENTON MUNICPAL AP,2025-01-05T21:00:00Z,2.2,995.5,1018.7,1019,0
USW00003991,DENTON MUNICPAL AP,2025-01-05T22:00:00Z,1.1,996.8,1020.2,1020.3,0
USW00003991,DENTON MUNICPAL AP,2025-01-05T23:00:00Z,-1.1,998.2,1021.6,1021.7,0
USW00003991,DENTON MUNICPAL AP,2025-01-06T00:00:00Z,-2.2,999.8,1023.3,1023.4,0
USW00003991,DENTON MUNICPAL AP,2025-01-06T01:00:00Z,-2.2,1000.5,1024.4,1024,0
USW00003991,DENTON MUNICPAL AP,2025-01-06T02:00:00Z,-2.8,1001.8,1025.5,1025.4,0
USW00003991,DENTON MUNICPAL AP,2025-01-06T03:00:00Z,-3.9,1002.5,1026.2,1026.1,0
USW00003991,DENTON MUNICPAL AP,2025-01-06T04:00:00Z,-4.4,1002.8,1026.9,1026.4,0
USW00003991,DENTON MUNICPAL AP,2025-01-06T05:00:00Z,-5,1003.5,1027.3,1027.1,0
USW00003991,DENTON MUNICPAL AP,2025-01-06T06:00:00Z,-5,1003.8,1027.8,1027.4,0
USW00003991,DENTON MUNICPAL AP,2025-01-06T07:00:00Z,-5.6,1004.2,1028,1027.8,0
USW00003991,DENTON MUNICPAL AP,2025-01-06T08:00:00Z,-6.1,1004.5,1028.5,1028.1,0
USW00003991,DENTON MUNICPAL AP,2025-01-06T09:00:00Z,-6.1,1005.5,1029.5,1029.1,0
USW00003991,DENTON MUNICPAL AP,2025-01-06T10:00:00Z,-6.7,1005.8,1030,1029.5,0
USW00003991,DENTON MUNICPAL AP,2025-01-06T11:00:00Z,-6.7,1006.8,1031.1,1030.5,0
USW00003991,DENTON MUNICPAL AP,2025-01-06T12:00:00Z,-6.7,1007.1,1031.5,1030.8,0
USW00003991,DENTON MUNICPAL AP,2025-01-06T13:00:00Z,-6.7,1008.1,1032.2,1031.8,0
USW00003991,DENTON MUNICPAL AP,2025-01-06T14:00:00Z,-5.6,1008.1,1032.4,1031.8,0
USW00003991,DENTON MUNICPAL AP,2025-01-06T15:00:00Z,-2.8,1009.1,1033.4,1032.8,0
USW00003991,DENTON MUNICPAL AP,2025-01-06T16:00:00Z,-1.1,1009.1,1033.4,1032.8,0
USW00003991,DENTON MUNICPAL AP,2025-01-06T17:00:00Z,0,1008.5,1032.7,1032.2,0
USW00003991,DENTON MUNICPAL AP,2025-01-06T18:00:00Z,2.2,1007.1,1031.2,1030.8,0
USW00003991,DENTON MUNICPAL AP,2025-01-06T19:00:00Z,2.8,1006.2,1030.2,1029.8,0
USW00003991,DENTON MUNICPAL AP,2025-01-06T20:00:00Z,3.9,1005.5,1029.5,1029.1,0
USW00003991,DENTON MUNICPAL AP,2025-01-06T21:00:00Z,3.9,1005.2,1029.2,1028.8,0
USW00003991,DENTON MUNICPAL AP,2025-01-06T22:00:00Z,3.3,1005.5,1029.5,1029.1,0
USW00003991,DENTON MUNICPAL AP,2025-01-06T23:00:00Z,0.6,1006.2,1030.1,1029.8,0
USW00003991,DENTON MUNICPAL AP,2025-01-07T00:00:00Z,-1.7,1006.5,1030.5,1030.1,0
USW00003991,DENTON MUNICPAL AP,2025-01-07T01:00:00Z,-2.2,1007.1,1031.2,1030.8,0
USW00003991,DENTON MUNICPAL AP,2025-01-07T02:00:00Z,-2.8,1007.1,1031.2,1030.8,0
USW00003991,DENTON MUNICPAL AP,2025-01-07T03:00:00Z,-1.7,1007.1,1031.4,1030.8,0
USW00003991,DENTON MUNICPAL AP,2025-01-07T04:00:00Z,-1.1,1007.1,1031.1,1030.8,0
USW00003991,DENTON MUNICPAL AP,2025-01-07T05:00:00Z,-1.7,1007.8,1031.9,1031.5,0
USW00003991,DENTON MUNICPAL AP,2025-01-07T06:00:00Z,-3.9,1007.8,1032,1031.5,0
USW00003991,DENTON MUNICPAL AP,2025-01-07T07:00:00Z,-4.4,1008.1,1032.2,1031.8,0
USW00003991,DENTON MUNICPAL AP,2025-01-07T08:00:00Z,-5,1008.5,1032.4,1032.2,0
USW00003991,DENTON MUNICPAL AP,2025-01-07T09:00:00Z,-5.6,1008.1,1032,1031.8,0
USW00003991,DENTON MUNICPAL AP,2025-01-07T10:00:00Z,-6.1,1007.8,1031.8,1031.5,0
USW00003991,DENTON MUNICPAL AP,2025-01-07T11:00:00Z,-6.7,1009.1,1033.2,1032.8,0
USW00003991,DENTON MUNICPAL AP,2025-01-07T12:00:00Z,-6.1,1009.5,1033.6,1033.2,0
USW00003991,DENTON MUNICPAL AP,2025-01-07T13:00:00Z,-5.6,1009.8,1034.2,1033.5,0
USW00003991,DENTON MUNICPAL AP,2025-01-07T14:00:00Z,-5,1010.8,1035,1034.5,0
USW00003991,DENTON MUNICPAL AP,2025-01-07T15:00:00Z,-3.9,1010.8,1035.1,1034.5,0
USW00003991,DENTON MUNICPAL AP,2025-01-07T16:00:00Z,-2.2,1011.1,1035.4,1034.9,0
USW00003991,DENTON MUNICPAL AP,2025-01-07T17:00:00Z,0,1010.5,1034.6,1034.2,0
USW00003991,DENTON MUNICPAL AP,2025-01-07T18:00:00Z,1.7,1009.8,1033.8,1033.5,0
USW00003991,DENTON MUNICPAL AP,2025-01-07T19:00:00Z,1.7,1008.8,1032.9,1032.5,0
USW00003991,DENTON MUNICPAL AP,2025-01-07T20:00:00Z,2.2,1008.5,1032.7,1032.2,0
USW00003991,DENTON MUNICPAL AP,2025-01-07T21:00:00Z,2.8,1008.5,1032.7,1032.2,0
USW00003991,DENTON MUNICPAL AP,2025-01-07T22:00:00Z,2.8,1009.1,1033.2,1032.8,0
USW00003991,DENTON MUNICPAL AP,2025-01-07T23:00:00Z,0.6,1009.1,1033.5,1032.8,0
USW00003991,DENTON MUNICPAL AP,2025-01-08T00:00:00Z,-1.1,1010.1,1034.4,1033.9,0
USW00003991,DENTON MUNICPAL AP,2025-01-08T01:00:00Z,-1.1,1011.1,1035.3,1034.9,0
USW00003991,DENTON MUNICPAL AP,2025-01-08T02:00:00Z,-0.6,1011.5,1035.8,1035.2,0
USW00003991,DENTON MUNICPAL AP,2025-01-08T03:00:00Z,0,1012.5,1036.6,1036.2,0
USW00003991,DENTON MUNICPAL AP,2025-01-08T04:00:00Z,-0.6,1012.5,1036.7,1036.2,0
USW00003991,DENTON MUNICPAL AP,2025-01-08T05:00:00Z,-0.6,1012.8,1036.9,1036.6,0
USW00003991,DENTON MUNICPAL AP,2025-01-08T06:00:00Z,-0.6,1012.8,1037,1036.6,0
USW00003991,DENTON MUNICPAL AP,2025-01-08T07:00:00Z,-1.1,1012.8,1037,1036.6,0
USW00003991,DENTON MUNICPAL AP,2025-01-08T08:00:00Z,-1.7,1012.8,1036.9,1036.6,0
USW00003991,DENTON MUNICPAL AP,2025-01-08T09:00:00Z,-1.7,1012.8,1036.9,1036.6,0
USW00003991,DENTON MUNICPAL AP,2025-01-08T10:00:00Z,-3.3,1012.8,1037.1,1036.6,0
USW00003991,DENTON MUNICPAL AP,2025-01-08T11:00:00Z,-4.4,1013.5,1037.8,1037.3,0
USW00003991,DENTON MUNICPAL AP,2025-01-08T12:00:00Z,-5,1013.8,1038.1,1037.6,0
USW00003991,DENTON MUNICPAL AP,2025-01-08T13:00:00Z,-6.1,1014.1,1038.5,1037.9,0
USW00003991,DENTON MUNICPAL AP,2025-01-08T14:00:00Z,-3.9,1014.1,1038.3,1037.9,0
USW00003991,DENTON MUNICPAL AP,2025-01-08T15:00:00Z,-2.2,1014.1,1038.4,1037.9,0
USW00003991,DENTON MUNICPAL AP,2025-01-08T16:00:00Z,-1.7,1013.5,1037.8,1037.3,0
USW00003991,DENTON MUNICPAL AP,2025-01-08T17:00:00Z,0,1012.8,1036.9,1036.6,0
USW00003991,DENTON MUNICPAL AP,2025-01-08T18:00:00Z,1.1,1011.1,1035.3,1034.9,0
USW00003991,DENTON MUNICPAL AP,2025-01-08T19:00:00Z,2.2,1009.8,1033.9,1033.5,0
USW00003991,DENTON MUNICPAL AP,2025-01-08T20:00:00Z,3.3,1008.8,1032.7,1032.5,0
USW00003991,DENTON MUNICPAL AP,2025-01-08T21:00:00Z,4.4,1008.1,1032.1,1031.8,0
USW00003991,DENTON MUNICPAL AP,2025-01-08T22:00:00Z,4.4,1006.8,1030.9,1030.5,0
USW00003991,DENTON MUNICPAL AP,2025-01-08T23:00:00Z,1.7,1006.2,1030.3,1029.8,0
USW00003991,DENTON MUNICPAL AP,2025-01-09T00:00:00Z,0,1006.2,1030.2,1029.8,0
USW00003991,DENTON MUNICPAL AP,2025-01-09T01:00:00Z,-1.7,1005.5,1029.7,1029.1,0
USW00003991,DENTON MUNICPAL AP,2025-01-09T02:00:00Z,-3.9,1004.5,1028.8,1028.1,0
USW00003991,DENTON MUNICPAL AP,2025-01-09T03:00:00Z,-4.4,1004.5,1028.8,1028.1,0
USW00003991,DENTON MUNICPAL AP,2025-01-09T04:00:00Z,-4.4,1003.8,1028,1027.4,0
USW00003991,DENTON MUNICPAL AP,2025-01-09T05:00:00Z,-3.3,1003.5,1027.5,1027.1,0
USW00003991,DENTON MUNICPAL AP,2025-01-09T06:00:00Z,-5,1002.5,1026.7,1026.1,0
USW00003991,DENTON MUNICPAL AP,2025-01-09T07:00:00Z,-2.8,1001.5,1025.3,1025.1,0
USW00003991,DENTON MUNICPAL AP,2025-01-09T08:00:00Z,-1.1,1001.8,1025.7,1025.4,0
USW00003991,DENTON MUNICPAL AP,2025-01-09T09:00:00Z,-0.6,1001.5,1025.2,1025.1,0
USW00003991,DENTON MUNICPAL AP,2025-01-09T10:00:00Z,0.6,1000.8,1024.4,1024.4,0
USW00003991,DENTON MUNICPAL AP,2025-01-09T11:00:00Z,2.2,1000.2,1024.1,1023.7,0
USW00003991,DENTON MUNICPAL AP,2025-01-09T12:00:00Z,2.2,1000.2,1024.1,1023.7,0.3
USW00003991,DENTON MUNICPAL AP,2025-01-09T13:00:00Z,-0.65,1001.075,1024.9,1024.65,1.4
USW00003991,DENTON MUNICPAL AP,2025-01-09T14:00:00Z,-0.4,1001.23333333333,1025.5,1024.78333333333,0.94
USW00003991,DENTON MUNICPAL AP,2025-01-09T15:00:00Z,-0.628571428571429,1001.71428571429,1025.7,1025.31428571429,1.26666666666667
USW00003991,DENTON MUNICPAL AP,2025-01-09T16:00:00Z,-0.68,1001.38,1025.2,1024.94,2.28
USW00003991,DENTON MUNICPAL AP,2025-01-09T17:00:00Z,-0.3,1000.25,1023.6,1023.775,1.375
USW00003991,DENTON MUNICPAL AP,2025-01-09T18:00:00Z,0,997.8,1021.7,1021.3,1
USW00003991,DENTON MUNICPAL AP,2025-01-09T19:00:00Z,0,996.65,1020.2,1020.15,1.6
USW00003991,DENTON MUNICPAL AP,2025-01-09T20:00:00Z,0.6,995.8,1019.7,1019.3,1.8
USW00003991,DENTON MUNICPAL AP,2025-01-09T21:00:00Z,0.6,995.4,1018.9,1018.86666666667,0.8
USW00003991,DENTON MUNICPAL AP,2025-01-09T22:00:00Z,0.6,994.5,1018.2,1017.9,1
USW00003991,DENTON MUNICPAL AP,2025-01-09T23:00:00Z,0.6,994.9,1018.6,1018.3,0.5
USW00003991,DENTON MUNICPAL AP,2025-01-10T00:00:00Z,0.8,994.9,1018.7,1018.3,1.8
USW00003991,DENTON MUNICPAL AP,2025-01-10T01:00:00Z,0.8,995.05,1018.8,1018.45,1.6
USW00003991,DENTON MUNICPAL AP,2025-01-10T02:00:00Z,0,995.5,1019.5,1018.96,0.925
USW00003991,DENTON MUNICPAL AP,2025-01-10T03:00:00Z,0,996.44,1020.4,1019.9,0.425
USW00003991,DENTON MUNICPAL AP,2025-01-10T04:00:00Z,0,995.5,1019.3,1019,0.5
USW00003991,DENTON MUNICPAL AP,2025-01-10T05:00:00Z,0,995.35,1018.9,1018.8,0.5
USW00003991,DENTON MUNICPAL AP,2025-01-10T06:00:00Z,-0.2,994.566666666667,1018.2,1017.96666666667,0.14
USW00003991,DENTON MUNICPAL AP,2025-01-10T07:00:00Z,-0.6,994.633333333333,1018.5,1018.03333333333,0.133333333333333
USW00003991,DENTON MUNICPAL AP,2025-01-10T08:00:00Z,-0.85,994.7,1018.5,1018.1,0.15
USW00003991,DENTON MUNICPAL AP,2025-01-10T09:00:00Z,-1.1,994.766666666667,1018.5,1018.16666666667,0
USW00003991,DENTON MUNICPAL AP,2025-01-10T10:00:00Z,-1.1,994.9,1018.8,1018.3,0
USW00003991,DENTON MUNICPAL AP,2025-01-10T11:00:00Z,-1.1,995.425,1019.4,1018.9,0
USW00003991,DENTON MUNICPAL AP,2025-01-10T12:00:00Z,-1.05,995.8,1019.6,1019.3,0
USW00003991,DENTON MUNICPAL AP,2025-01-10T13:00:00Z,-0.6,996.2,1020.1,1019.6,0
USW00003991,DENTON MUNICPAL AP,2025-01-10T14:00:00Z,0,996.5,1020.4,1020,0
USW00003991,DENTON MUNICPAL AP,2025-01-10T15:00:00Z,0.7,997.2,1020.9,1020.7,0
USW00003991,DENTON MUNICPAL AP,2025-01-10T16:00:00Z,1.1,997.425,1021.3,1020.925,0
USW00003991,DENTON MUNICPAL AP,2025-01-10T17:00:00Z,1.7,997.5,1021.2,1021,0
USW00003991,DENTON MUNICPAL AP,2025-01-10T18:00:00Z,1.7,995.8,1019.5,1019.3,0
USW00003991,DENTON MUNICPAL AP,2025-01-10T19:00:00Z,2.2,995.5,1019.2,1019,0
USW00003991,DENTON MUNICPAL AP,2025-01-10T20:00:00Z,2.2,995.5,1019,1019,0
USW00003991,DENTON MUNICPAL AP,2025-01-10T21:00:00Z,3.05,995.85,1020,1019.3,0
USW00003991,DENTON MUNICPAL AP,2025-01-10T22:00:00Z,2.8,996.5,1020.2,1020,0
USW00003991,DENTON MUNICPAL AP,2025-01-10T23:00:00Z,1.1,996.8,1020.6,1020.3,0
USW00003991,DENTON MUNICPAL AP,2025-01-11T00:00:00Z,1.1,997.5,1021.2,1021,0
USW00003991,DENTON MUNICPAL AP,2025-01-11T01:00:00Z,0,997.5,1021.4,1021,0
USW00003991,DENTON MUNICPAL AP,2025-01-11T02:00:00Z,-1.1,997.5,1021.4,1021,0
USW00003991,DENTON MUNICPAL AP,2025-01-11T03:00:00Z,-1.7,997.5,1021.4,1021,0
USW00003991,DENTON MUNICPAL AP,2025-01-11T04:00:00Z,-3.3,997.2,1021,1020.7,0
USW00003991,DENTON MUNICPAL AP,2025-01-11T05:00:00Z,-5,996.5,1020.5,1020,0
USW00003991,DENTON MUNICPAL AP,2025-01-11T06:00:00Z,-5.6,995.5,1019.4,1019,0
USW00003991,DENTON MUNICPAL AP,2025-01-11T07:00:00Z,-7.8,995.2,1018.9,1018.6,0
USW00003991,DENTON MUNICPAL AP,2025-01-11T08:00:00Z,-7.12,994.96,1018.8,1018.36,0
USW00003991,DENTON MUNICPAL AP,2025-01-11T09:00:00Z,-6.7,994.5,1018.3,1017.9,0
USW00003991,DENTON MUNICPAL AP,2025-01-11T10:00:00Z,-5.6,993.5,1017.4,1016.9,0
USW00003991,DENTON MUNICPAL AP,2025-01-11T11:00:00Z,-7.2,993.2,1017,1016.6,0
USW00003991,DENTON MUNICPAL AP,2025-01-11T12:00:00Z,-8.9,992.5,1016.4,1015.9,0
USW00003991,DENTON MUNICPAL AP,2025-01-11T13:00:00Z,-6.1,992.5,1016.2,1015.9,0
USW00003991,DENTON MUNICPAL AP,2025-01-11T14:00:00Z,-4.4,992.9,1016.6,1016.3,0
USW00003991,DENTON MUNICPAL AP,2025-01-11T15:00:00Z,1.1,992.9,1016.6,1016.3,0
USW00003991,DENTON MUNICPAL AP,2025-01-11T16:00:00Z,3.3,992.2,1015.9,1015.6,0
USW00003991,DENTON MUNICPAL AP,2025-01-11T17:00:00Z,5,990.9,1014.6,1014.2,0
USW00003991,DENTON MUNICPAL AP,2025-01-11T18:00:00Z,6.1,989.2,1012.6,1012.5,0
USW00003991,DENTON MUNICPAL AP,2025-01-11T19:00:00Z,7.8,987.5,1011,1010.8,0
USW00003991,DENTON MUNICPAL AP,2025-01-11T20:00:00Z,8.9,986.5,1010,1009.8,0
USW00003991,DENTON MUNICPAL AP,2025-01-11T21:00:00Z,10,986.2,1009.5,1009.5,0
USW00003991,DENTON MUNICPAL AP,2025-01-11T22:00:00Z,10,985.9,1009.4,1009.1,0
USW00003991,DENTON MUNICPAL AP,2025-01-11T23:00:00Z,8.3,985.9,1009.2,1009.1,0
USW00003991,DENTON MUNICPAL AP,2025-01-12T00:00:00Z,7.8,986.2,1009.9,1009.5,0
USW00003991,DENTON MUNICPAL AP,2025-01-12T01:00:00Z,6.1,986.5,1010.1,1009.8,0
USW00003991,DENTON MUNICPAL AP,2025-01-12T02:00:00Z,5.6,986.5,1010,1009.8,0
USW00003991,DENTON MUNICPAL AP,2025-01-12T03:00:00Z,6.1,986.9,1010.1,1010.2,0
USW00003991,DENTON MUNICPAL AP,2025-01-12T04:00:00Z,5.6,986.9,1010,1010.2,0
USW00003991,DENTON MUNICPAL AP,2025-01-12T05:00:00Z,5,986.5,1009.9,1009.8,0
USW00003991,DENTON MUNICPAL AP,2025-01-12T06:00:00Z,5,986.5,1009.9,1009.8,0
USW00003991,DENTON MUNICPAL AP,2025-01-12T07:00:00Z,4.4,986.2,1009.6,1009.5,0
USW00003991,DENTON MUNICPAL AP,2025-01-12T08:00:00Z,3.9,986.5,1009.6,1009.8,0
USW00003991,DENTON MUNICPAL AP,2025-01-12T09:00:00Z,3.3,985.9,1008.9,1009.1,0
USW00003991,DENTON MUNICPAL AP,2025-01-12T10:00:00Z,1.7,986.5,1009.9,1009.8,0
USW00003991,DENTON MUNICPAL AP,2025-01-12T11:00:00Z,1.7,987.2,1010.5,1010.5,0
USW00003991,DENTON MUNICPAL AP,2025-01-12T12:00:00Z,-1.7,988.5,1011.9,1011.9,0
USW00003991,DENTON MUNICPAL AP,2025-01-12T13:00:00Z,-1.1,989.2,1012.6,1012.5,0
USW00003991,DENTON MUNICPAL AP,2025-01-12T14:00:00Z,2.2,990.2,1013.8,1013.5,0
USW00003991,DENTON MUNICPAL AP,2025-01-12T15:00:00Z,3.9,992.2,1015.6,1015.6,0
USW00003991,DENTON MUNICPAL AP,2025-01-12T16:00:00Z,5.6,993.2,1016.7,1016.6,0
USW00003991,DENTON MUNICPAL AP,2025-01-12T17:00:00Z,7.2,993.5,1016.8,1016.9,0
USW00003991,DENTON MUNICPAL AP,2025-01-12T18:00:00Z,8.9,993.2,1016.6,1016.6,0
USW00003991,DENTON MUNICPAL AP,2025-01-12T19:00:00Z,9.4,992.9,1016.2,1016.3,0
USW00003991,DENTON MUNICPAL AP,2025-01-12T20:00:00Z,10.6,993.2,1016.5,1016.6,0
USW00003991,DENTON MUNICPAL AP,2025-01-12T21:00:00Z,11.1,994.2,1017.4,1017.6,0
USW00003991,DENTON MUNICPAL AP,2025-01-12T22:00:00Z,10,994.9,1018.4,1018.3,0
USW00003991,DENTON MUNICPAL AP,2025-01-12T23:00:00Z,7.2,995.8,1019.3,1019.3,0
USW00003991,DENTON MUNICPAL AP,2025-01-13T00:00:00Z,5,996.8,1020.6,1020.3,0
USW00003991,DENTON MUNICPAL AP,2025-01-13T01:00:00Z,3.3,997.5,1021.4,1021,0
USW00003991,DENTON MUNICPAL AP,2025-01-13T02:00:00Z,2.2,998.5,1022.3,1022,0
USW00003991,DENTON MUNICPAL AP,2025-01-13T03:00:00Z,3.9,999.5,1023.2,1023,0
USW00003991,DENTON MUNICPAL AP,2025-01-13T04:00:00Z,4.4,1000.8,1024.3,1024.4,0
USW00003991,DENTON MUNICPAL AP,2025-01-13T05:00:00Z,3.3,1001.5,1025.1,1025.1,0
USW00003991,DENTON MUNICPAL AP,2025-01-13T06:00:00Z,2.2,1001.8,1025.4,1025.4,0
USW00003991,DENTON MUNICPAL AP,2025-01-13T07:00:00Z,1.1,1002.2,1025.7,1025.7,0
USW00003991,DENTON MUNICPAL AP,2025-01-13T08:00:00Z,0.6,1002.8,1026.4,1026.4,0
USW00003991,DENTON MUNICPAL AP,2025-01-13T09:00:00Z,-0.6,1003.2,1026.8,1026.8,0
USW00003991,DENTON MUNICPAL AP,2025-01-13T10:00:00Z,-2.2,1003.5,1027.3,1027.1,0
USW00003991,DENTON MUNICPAL AP,2025-01-13T11:00:00Z,-2.8,1003.8,1027.8,1027.4,0
USW00003991,DENTON MUNICPAL AP,2025-01-13T12:00:00Z,-3.9,1005.2,1029,1028.8,0
USW00003991,DENTON MUNICPAL AP,2025-01-13T13:00:00Z,-3.9,1006.2,1030.2,1029.8,0
USW00003991,DENTON MUNICPAL AP,2025-01-13T14:00:00Z,-0.6,1006.8,1030.8,1030.5,0
USW00003991,DENTON MUNICPAL AP,2025-01-13T15:00:00Z,2.2,1007.8,1031.8,1031.5,0
USW00003991,DENTON MUNICPAL AP,2025-01-13T16:00:00Z,4.4,1007.8,1031.6,1031.5,0
USW00003991,DENTON MUNICPAL AP,2025-01-13T17:00:00Z,5.6,1007.1,1030.9,1030.8,0
USW00003991,DENTON MUNICPAL AP,2025-01-13T18:00:00Z,7.2,1005.8,1029.4,1029.5,0
USW00003991,DENTON MUNICPAL AP,2025-01-13T19:00:00Z,8.3,1004.5,1028.2,1028.1,0
USW00003991,DENTON MUNICPAL AP,2025-01-13T20:00:00Z,9.4,1004.5,1028.1,1028.1,0
USW00003991,DENTON MUNICPAL AP,2025-01-13T21:00:00Z,10,1004.5,1028.1,1028.1,0
USW00003991,DENTON MUNICPAL AP,2025-01-13T22:00:00Z,8.9,1004.5,1028.4,1028.1,0
USW00003991,DENTON MUNICPAL AP,2025-01-13T23:00:00Z,6.7,1004.8,1028.5,1028.4,0
USW00003991,DENTON MUNICPAL AP,2025-01-14T00:00:00Z,2.2,1004.8,1028.8,1028.4,0
USW00003991,DENTON MUNICPAL AP,2025-01-14T01:00:00Z,0.6,1005.2,1029.2,1028.8,0
USW00003991,DENTON MUNICPAL AP,2025-01-14T02:00:00Z,-1.7,1005.8,1029.9,1029.5,0
USW00003991,DENTON MUNICPAL AP,2025-01-14T03:00:00Z,-2.2,1006.2,1030.1,1029.8,0
USW00003991,DENTON MUNICPAL AP,2025-01-14T04:00:00Z,-2.2,1006.2,1030,1029.8,0
USW00003991,DENTON MUNICPAL AP,2025-01-14T05:00:00Z,-2.2,1006.5,1030.3,1030.1,0
USW00003991,DENTON MUNICPAL AP,2025-01-14T06:00:00Z,-4.4,1006.2,1030,1029.8,0
USW00003991,DENTON MUNICPAL AP,2025-01-14T07:00:00Z,-4.4,1005.8,1029.9,1029.5,0
USW00003991,DENTON MUNICPAL AP,2025-01-14T08:00:00Z,-5,1005.5,1029.5,1029.1,0
USW00003991,DENTON MUNICPAL AP,2025-01-14T09:00:00Z,-3.9,1005.8,1029.5,1029.5,0
USW00003991,DENTON MUNICPAL AP,2025-01-14T10:00:00Z,-5,1005.8,1029.7,1029.5,0
USW00003991,DENTON MUNICPAL AP,2025-01-14T11:00:00Z,-5,1006.2,1030,1029.8,0
USW00003991,DENTON MUNICPAL AP,2025-01-14T12:00:00Z,-5.6,1006.2,1030.3,1029.8,0
USW00003991,DENTON MUNICPAL AP,2025-01-14T13:00:00Z,-5.6,1006.5,1030.7,1030.1,0
USW00003991,DENTON MUNICPAL AP,2025-01-14T14:00:00Z,-1.1,1007.1,1031.1,1030.8,0
USW00003991,DENTON MUNICPAL AP,2025-01-14T15:00:00Z,3.3,1007.5,1031.3,1031.2,0
USW00003991,DENTON MUNICPAL AP,2025-01-14T16:00:00Z,8.9,1007.1,1031.1,1030.8,0
USW00003991,DENTON MUNICPAL AP,2025-01-14T17:00:00Z,10,1006.5,1030.3,1030.1,0
USW00003991,DENTON MUNICPAL AP,2025-01-14T18:00:00Z,11.1,1005.2,1029,1028.8,0
USW00003991,DENTON MUNICPAL AP,2025-01-14T19:00:00Z,11.7,1004.2,1027.9,1027.8,0
USW00003991,DENTON MUNICPAL AP,2025-01-14T20:00:00Z,12.2,1003.8,1027.6,1027.4,0
USW00003991,DENTON MUNICPAL AP,2025-01-14T21:00:00Z,12.2,1004.2,1027.7,1027.8,0
USW00003991,DENTON MUNICPAL AP,2025-01-14T22:00:00Z,12.2,1004.2,1027.9,1027.8,0
USW00003991,DENTON MUNICPAL AP,2025-01-14T23:00:00Z,10,1004.5,1028.4,1028.1,0
USW00003991,DENTON MUNICPAL AP,2025-01-15T00:00:00Z,5.6,1005.2,1029.1,1028.8,0
USW00003991,DENTON MUNICPAL AP,2025-01-15T01:00:00Z,3.9,1005.2,1029.2,1028.8,0
USW00003991,DENTON MUNICPAL AP,2025-01-15T02:00:00Z,0.6,1005.5,1029.6,1029.1,0
USW00003991,DENTON MUNICPAL AP,2025-01-15T03:00:00Z,-1.1,1005.8,1029.7,1029.5,0
USW00003991,DENTON MUNICPAL AP,2025-01-15T04:00:00Z,-2.2,1006.2,1029.9,1029.8,0
USW00003991,DENTON MUNICPAL AP,2025-01-15T05:00:00Z,-1.1,1006.2,1029.7,1029.8,0
USW00003991,DENTON MUNICPAL AP,2025-01-15T06:00:00Z,-2.2,1005.8,1029.4,1029.5,0
USW00003991,DENTON MUNICPAL AP,2025-01-15T07:00:00Z,-2.8,1005.8,1029.6,1029.5,0
USW00003991,DENTON MUNICPAL AP,2025-01-15T08:00:00Z,-3.3,1005.8,1029.6,1029.5,0
USW00003991,DENTON MUNICPAL AP,2025-01-15T09:00:00Z,-3.9,1006.2,1029.8,1029.8,0
USW00003991,DENTON MUNICPAL AP,2025-01-15T10:00:00Z,-3.9,1006.2,1029.8,1029.8,0
USW00003991,DENTON MUNICPAL AP,2025-01-15T11:00:00Z,-2.2,1006.5,1030.4,1030.1,0
USW00003991,DENTON MUNICPAL AP,2025-01-15T12:00:00Z,-1.1,1007.1,1031,1030.8,0
USW00003991,DENTON MUNICPAL AP,2025-01-15T13:00:00Z,-1.7,1007.5,1031.4,1031.2,0
USW00003991,DENTON MUNICPAL AP,2025-01-15T14:00:00Z,1.7,1007.8,1031.7,1031.5,0
USW00003991,DENTON MUNICPAL AP,2025-01-15T15:00:00Z,6.1,1008.8,1032.6,1032.5,0
USW00003991,DENTON MUNICPAL AP,2025-01-15T16:00:00Z,9.4,1008.5,1032.3,1032.2,0
USW00003991,DENTON MUNICPAL AP,2025-01-15T17:00:00Z,11.7,1007.5,1031.4,1031.2,0
USW00003991,DENTON MUNICPAL AP,2025-01-15T18:00:00Z,13.3,1006.5,1030.1,1030.1,0
USW00003991,DENTON MUNICPAL AP,2025-01-15T19:00:00Z,13.9,1005.2,1029,1028.8,0
USW00003991,DENTON MUNICPAL AP,2025-01-15T20:00:00Z,14.4,1005.2,1028.9,1028.8,0
USW00003991,DENTON MUNICPAL AP,2025-01-15T21:00:00Z,13.3,1005.5,1029.2,1029.1,0
USW00003991,DENTON MUNICPAL AP,2025-01-15T22:00:00Z,11.1,1005.8,1029.7,1029.5,0
USW00003991,DENTON MUNICPAL AP,2025-01-15T23:00:00Z,10,1006.2,1030.1,1029.8,0
USW00003991,DENTON MUNICPAL AP,2025-01-16T00:00:00Z,5,1006.8,1030.6,1030.5,0
USW00003991,DENTON MUNICPAL AP,2025-01-16T01:00:00Z,1.7,1006.8,1031,1030.5,0
USW00003991,DENTON MUNICPAL AP,2025-01-16T02:00:00Z,1.7,1007.1,1031.1,1030.8,0
USW00003991,DENTON MUNICPAL AP,2025-01-16T03:00:00Z,0,1007.5,1031.4,1031.2,0
USW00003991,DENTON MUNICPAL AP,2025-01-16T04:00:00Z,1.7,1007.8,1031.5,1031.5,0
USW00003991,DENTON MUNICPAL AP,2025-01-16T05:00:00Z,-0.6,1007.5,1031.3,1031.2,0
USW00003991,DENTON MUNICPAL AP,2025-01-16T06:00:00Z,-1.7,1007.1,1030.9,1030.8,0
USW00003991,DENTON MUNICPAL AP,2025-01-16T07:00:00Z,-2.8,1006.5,1030.3,1030.1,0
USW00003991,DENTON MUNICPAL AP,2025-01-16T08:00:00Z,-2.8,1006.5,1030.1,1030.1,0
USW00003991,DENTON MUNICPAL AP,2025-01-16T09:00:00Z,-3.9,1006.2,1029.8,1029.8,0
USW00003991,DENTON MUNICPAL AP,2025-01-16T10:00:00Z,-3.9,1005.5,1029.4,1029.1,0
USW00003991,DENTON MUNICPAL AP,2025-01-16T11:00:00Z,-4.4,1005.8,1029.7,1029.5,0
USW00003991,DENTON MUNICPAL AP,2025-01-16T12:00:00Z,-3.3,1005.8,1029.6,1029.5,0
USW00003991,DENTON MUNICPAL AP,2025-01-16T13:00:00Z,-1.1,1005.8,1029.7,1029.5,0
USW00003991,DENTON MUNICPAL AP,2025-01-16T14:00:00Z,0.6,1005.8,1029.7,1029.5,0
USW00003991,DENTON MUNICPAL AP,2025-01-16T15:00:00Z,7.2,1006.2,1029.8,1029.8,0
USW00003991,DENTON MUNICPAL AP,2025-01-16T16:00:00Z,10.6,1005.5,1029.2,1029.1,0
USW00003991,DENTON MUNICPAL AP,2025-01-16T17:00:00Z,13.9,1004.5,1028.1,1028.1,0
USW00003991,DENTON MUNICPAL AP,2025-01-16T18:00:00Z,15,1003.2,1026.7,1026.8,0
USW00003991,DENTON MUNICPAL AP,2025-01-16T19:00:00Z,16.7,1001.8,1025.4,1025.4,0
USW00003991,DENTON MUNICPAL AP,2025-01-16T20:00:00Z,16.7,1000.8,1024.4,1024.4,0
USW00003991,DENTON MUNICPAL AP,2025-01-16T21:00:00Z,16.7,1000.5,1023.8,1024,0
USW00003991,DENTON MUNICPAL AP,2025-01-16T22:00:00Z,15.6,999.8,1023.3,1023.4,0
USW00003991,DENTON MUNICPAL AP,2025-01-16T23:00:00Z,10.6,998.8,1022.5,1022.4,0
USW00003991,DENTON MUNICPAL AP,2025-01-17T00:00:00Z,7.2,998.5,1022.3,1022,0
USW00003991,DENTON MUNICPAL AP,2025-01-17T01:00:00Z,6.7,998.5,1022,1022,0
USW00003991,DENTON MUNICPAL AP,2025-01-17T02:00:00Z,5.6,998.2,1021.8,1021.7,0
USW00003991,DENTON MUNICPAL AP,2025-01-17T03:00:00Z,1.7,998.2,1021.6,1021.7,0
USW00003991,DENTON MUNICPAL AP,2025-01-17T04:00:00Z,6.1,996.8,1020.3,1020.3,0
USW00003991,DENTON MUNICPAL AP,2025-01-17T05:00:00Z,5.6,996.5,1019.7,1020,0
USW00003991,DENTON MUNICPAL AP,2025-01-17T06:00:00Z,4.4,995.5,1018.7,1019,0
USW00003991,DENTON MUNICPAL AP,2025-01-17T07:00:00Z,5,994.2,1017.5,1017.6,0
USW00003991,DENTON MUNICPAL AP,2025-01-17T08:00:00Z,6.1,993.2,1016.2,1016.6,0
USW00003991,DENTON MUNICPAL AP,2025-01-17T09:00:00Z,6.1,992.2,1015.4,1015.6,0
USW00003991,DENTON MUNICPAL AP,2025-01-17T10:00:00Z,6.1,991.5,1014.5,1014.9,0
USW00003991,DENTON MUNICPAL AP,2025-01-17T11:00:00Z,6.1,990.9,1014.1,1014.2,0
USW00003991,DENTON MUNICPAL AP,2025-01-17T12:00:00Z,6.7,990.2,1013.3,1013.5,0
USW00003991,DENTON MUNICPAL AP,2025-01-17T13:00:00Z,7.2,989.9,1013.2,1013.2,0
USW00003991,DENTON MUNICPAL AP,2025-01-17T14:00:00Z,8.3,988.9,1012.2,1012.2,0
USW00003991,DENTON MUNICPAL AP,2025-01-17T15:00:00Z,10,988.2,1011.7,1011.5,0
USW00003991,DENTON MUNICPAL AP,2025-01-17T16:00:00Z,11.1,987.2,1010.3,1010.5,0
USW00003991,DENTON MUNICPAL AP,2025-01-17T17:00:00Z,13.3,985.9,1008.9,1009.1,0
USW00003991,DENTON MUNICPAL AP,2025-01-17T18:00:00Z,13.3,984.2,1007.1,1007.5,0
USW00003991,DENTON MUNICPAL AP,2025-01-17T19:00:00Z,13.3,982.6,1005.4,1005.8,0
USW00003991,DENTON MUNICPAL AP,2025-01-17T20:00:00Z,16.1,980.6,1003.5,1003.7,0
USW00003991,DENTON MUNICPAL AP,2025-01-17T21:00:00Z,16.7,979.9,1002.6,1003,0
USW00003991,DENTON MUNICPAL AP,2025-01-17T22:00:00Z,17.2,979.6,1002.4,1002.7,0
USW00003991,DENTON MUNICPAL AP,2025-01-17T23:00:00Z,15,979.6,1002.3,1002.7,0
USW00003991,DENTON MUNICPAL AP,2025-01-18T00:00:00Z,14.4,979.2,1002.3,1002.4,0
USW00003991,DENTON MUNICPAL AP,2025-01-18T01:00:00Z,15,979.2,1002.2,1002.4,0
USW00003991,DENTON MUNICPAL AP,2025-01-18T02:00:00Z,16.1,979.2,1002,1002.4,0
USW00003991,DENTON MUNICPAL AP,2025-01-18T03:00:00Z,16.1,979.2,1002,1002.4,0
USW00003991,DENTON MUNICPAL AP,2025-01-18T04:00:00Z,15.6,980.2,1003,1003.4,0
USW00003991,DENTON MUNICPAL AP,2025-01-18T05:00:00Z,11.4,981.4,1004.3,1004.55,0
USW00003991,DENTON MUNICPAL AP,2025-01-18T06:00:00Z,7.8,983.9,1006.9,1007.1,0
USW00003991,DENTON MUNICPAL AP,2025-01-18T07:00:00Z,6.7,985.2,1008.1,1008.5,0
USW00003991,DENTON MUNICPAL AP,2025-01-18T08:00:00Z,5.6,986.9,1009.9,1010.2,0
USW00003991,DENTON MUNICPAL AP,2025-01-18T09:00:00Z,5,988.2,1011.3,1011.5,0
USW00003991,DENTON MUNICPAL AP,2025-01-18T10:00:00Z,3.9,988.9,1011.9,1012.2,0
USW00003991,DENTON MUNICPAL AP,2025-01-18T11:00:00Z,3.3,989.9,1012.8,1013.2,0
USW00003991,DENTON MUNICPAL AP,2025-01-18T12:00:00Z,3.3,990.9,1013.9,1014.2,0
USW00003991,DENTON MUNICPAL AP,2025-01-18T13:00:00Z,2.8,991.9,1015,1015.2,0
USW00003991,DENTON MUNICPAL AP,2025-01-18T14:00:00Z,3.9,992.9,1016,1016.3,0
USW00003991,DENTON MUNICPAL AP,2025-01-18T15:00:00Z,4.4,993.9,1017,1017.3,0
USW00003991,DENTON MUNICPAL AP,2025-01-18T16:00:00Z,5.6,994.9,1018.1,1018.3,0
USW00003991,DENTON MUNICPAL AP,2025-01-18T17:00:00Z,6.1,994.9,1018.3,1018.3,0
USW00003991,DENTON MUNICPAL AP,2025-01-18T18:00:00Z,6.7,994.5,1017.7,1017.9,0
USW00003991,DENTON MUNICPAL AP,2025-01-18T19:00:00Z,7.8,993.5,1017,1016.9,0
USW00003991,DENTON MUNICPAL AP,2025-01-18T20:00:00Z,7.8,993.9,1017.1,1017.3,0
USW00003991,DENTON MUNICPAL AP,2025-01-18T21:00:00Z,7.8,993.9,1017.2,1017.3,0
USW00003991,DENTON MUNICPAL AP,2025-01-18T22:00:00Z,6.7,994.9,1018.3,1018.3,0
USW00003991,DENTON MUNICPAL AP,2025-01-18T23:00:00Z,3.9,996.5,1020.1,1020,0
USW00003991,DENTON MUNICPAL AP,2025-01-19T00:00:00Z,2.8,998.5,1022.2,1022,0
USW00003991,DENTON MUNICPAL AP,2025-01-19T01:00:00Z,0,1000.2,1023.9,1023.7,0
USW00003991,DENTON MUNICPAL AP,2025-01-19T02:00:00Z,-1.1,1001.2,1024.9,1024.7,0
USW00003991,DENTON MUNICPAL AP,2025-01-19T03:00:00Z,-2.8,1001.8,1025.5,1025.4,0
USW00003991,DENTON MUNICPAL AP,2025-01-19T04:00:00Z,-2.8,1003.2,1027.1,1026.8,0
USW00003991,DENTON MUNICPAL AP,2025-01-19T05:00:00Z,-2.8,1004.5,1028.3,1028.1,0
USW00003991,DENTON MUNICPAL AP,2025-01-19T06:00:00Z,-3.3,1004.8,1028.7,1028.4,0
USW00003991,DENTON MUNICPAL AP,2025-01-19T07:00:00Z,-3.3,1005.8,1029.6,1029.5,0
USW00003991,DENTON MUNICPAL AP,2025-01-19T08:00:00Z,-3.9,1006.8,1030.6,1030.5,0
USW00003991,DENTON MUNICPAL AP,2025-01-19T09:00:00Z,-5,1007.1,1031.1,1030.8,0
USW00003991,DENTON MUNICPAL AP,2025-01-19T10:00:00Z,-5.6,1007.8,1031.7,1031.5,0
USW00003991,DENTON MUNICPAL AP,2025-01-19T11:00:00Z,-6.1,1008.8,1032.7,1032.5,0
USW00003991,DENTON MUNICPAL AP,2025-01-19T12:00:00Z,-6.7,1009.5,1033.6,1033.2,0
USW00003991,DENTON MUNICPAL AP,2025-01-19T13:00:00Z,-6.7,1010.1,1034.6,1033.9,0
USW00003991,DENTON MUNICPAL AP,2025-01-19T14:00:00Z,-5,1011.1,1035.2,1034.9,0
USW00003991,DENTON MUNICPAL AP,2025-01-19T15:00:00Z,-3.9,1011.8,1036,1035.6,0
USW00003991,DENTON MUNICPAL AP,2025-01-19T16:00:00Z,-2.2,1012.5,1036.6,1036.2,0
USW00003991,DENTON MUNICPAL AP,2025-01-19T17:00:00Z,-1.7,1011.8,1036,1035.6,0
USW00003991,DENTON MUNICPAL AP,2025-01-19T18:00:00Z,-1.1,1011.1,1035.2,1034.9,0
USW00003991,DENTON MUNICPAL AP,2025-01-19T19:00:00Z,0,1010.1,1034.4,1033.9,0
USW00003991,DENTON MUNICPAL AP,2025-01-19T20:00:00Z,0,1009.1,1033.3,1032.8,0
USW00003991,DENTON MUNICPAL AP,2025-01-19T21:00:00Z,1.1,1008.1,1032.4,1031.8,0
USW00003991,DENTON MUNICPAL AP,2025-01-19T22:00:00Z,0,1008.1,1032.3,1031.8,0
USW00003991,DENTON MUNICPAL AP,2025-01-19T23:00:00Z,-2.2,1008.1,1032.5,1031.8,0
USW00003991,DENTON MUNICPAL AP,2025-01-20T00:00:00Z,-4.4,1007.8,1032.3,1031.5,0
USW00003991,DENTON MUNICPAL AP,2025-01-20T01:00:00Z,-4.4,1008.5,1032.9,1032.2,0
USW00003991,DENTON MUNICPAL AP,2025-01-20T02:00:00Z,-6.1,1008.8,1033.2,1032.5,0
USW00003991,DENTON MUNICPAL AP,2025-01-20T03:00:00Z,-4.4,1008.8,1033.3,1032.5,0
USW00003991,DENTON MUNICPAL AP,2025-01-20T04:00:00Z,-4.4,1009.8,1034.2,1033.5,0
USW00003991,DENTON MUNICPAL AP,2025-01-20T05:00:00Z,-4.4,1010.1,1034.2,1033.9,0
USW00003991,DENTON MUNICPAL AP,2025-01-20T06:00:00Z,-4.4,1009.8,1034.1,1033.5,0
USW00003991,DENTON MUNICPAL AP,2025-01-20T07:00:00Z,-4.4,1009.5,1033.6,1033.2,0
USW00003991,DENTON MUNICPAL AP,2025-01-20T08:00:00Z,-5,1010.1,1034.2,1033.9,0
USW00003991,DENTON MUNICPAL AP,2025-01-20T09:00:00Z,-5.6,1009.5,1033.7,1033.2,0
USW00003991,DENTON MUNICPAL AP,2025-01-20T10:00:00Z,-5.6,1009.8,1034.1,1033.5,0
USW00003991,DENTON MUNICPAL AP,2025-01-20T11:00:00Z,-6.1,1010.5,1034.7,1034.2,0
USW00003991,DENTON MUNICPAL AP,2025-01-20T12:00:00Z,-5,1010.8,1035.2,1034.5,0
USW00003991,DENTON MUNICPAL AP,2025-01-20T13:00:00Z,-5,1011.5,1035.9,1035.2,0
USW00003991,DENTON MUNICPAL AP,2025-01-20T14:00:00Z,-4.4,1011.8,1036.4,1035.6,0
USW00003991,DENTON MUNICPAL AP,2025-01-20T15:00:00Z,-3.3,1012.1,1036.6,1035.9,0
USW00003991,DENTON MUNICPAL AP,2025-01-20T16:00:00Z,-2.2,1012.1,1036.7,1035.9,0
USW00003991,DENTON MUNICPAL AP,2025-01-20T17:00:00Z,-1.7,1011.5,1035.7,1035.2,0
USW00003991,DENTON MUNICPAL AP,2025-01-20T18:00:00Z,-1.1,1010.8,1034.9,1034.5,0
USW00003991,DENTON MUNICPAL AP,2025-01-20T19:00:00Z,0,1009.5,1033.8,1033.2,0
USW00003991,DENTON MUNICPAL AP,2025-01-20T20:00:00Z,0,1008.8,1032.9,1032.5,0
USW00003991,DENTON MUNICPAL AP,2025-01-20T21:00:00Z,0.6,1008.5,1032.7,1032.2,0
USW00003991,DENTON MUNICPAL AP,2025-01-20T22:00:00Z,0.6,1008.8,1032.9,1032.5,0
USW00003991,DENTON MUNICPAL AP,2025-01-20T23:00:00Z,0,1009.8,1033.8,1033.5,0
USW00003991,DENTON MUNICPAL AP,2025-01-21T00:00:00Z,0,1011.1,1035.4,1034.9,0
USW00003991,DENTON MUNICPAL AP,2025-01-21T01:00:00Z,-0.6,1012.5,1036.7,1036.2,0
USW00003991,DENTON MUNICPAL AP,2025-01-21T02:00:00Z,-0.6,1013.1,1037.5,1036.9,0
USW00003991,DENTON MUNICPAL AP,2025-01-21T03:00:00Z,-1.1,1014.1,1038.4,1037.9,0
USW00003991,DENTON MUNICPAL AP,2025-01-21T04:00:00Z,-1.7,1015.1,1039.3,1038.9,0
USW00003991,DENTON MUNICPAL AP,2025-01-21T05:00:00Z,-2.8,1016.1,1040.3,1040,0
USW00003991,DENTON MUNICPAL AP,2025-01-21T06:00:00Z,-2.8,1016.1,1040.4,1040,0
USW00003991,DENTON MUNICPAL AP,2025-01-21T07:00:00Z,-3.3,1016.1,1040.4,1040,0
USW00003991,DENTON MUNICPAL AP,2025-01-21T08:00:00Z,-3.9,1016.1,1040.5,1040,0
USW00003991,DENTON MUNICPAL AP,2025-01-21T09:00:00Z,-3.9,1016.5,1040.7,1040.3,0
USW00003991,DENTON MUNICPAL AP,2025-01-21T10:00:00Z,-4.15,1016.65,1041,1040.45,0
USW00003991,DENTON MUNICPAL AP,2025-01-21T11:00:00Z,-5,1016.8,1041.2,1040.6,0
USW00003991,DENTON MUNICPAL AP,2025-01-21T12:00:00Z,-6.95,1017.3,1041.8,1041.15,0
USW00003991,DENTON MUNICPAL AP,2025-01-21T13:00:00Z,-7.8,1017.5,1041.9,1041.3,0
USW00003991,DENTON MUNICPAL AP,2025-01-21T14:00:00Z,-6.1,1017.8,1042.2,1041.7,0
USW00003991,DENTON MUNICPAL AP,2025-01-21T15:00:00Z,-5,1018.1,1042.6,1042,0
USW00003991,DENTON MUNICPAL AP,2025-01-21T16:00:00Z,-3.3,1018.1,1042.6,1042,0
USW00003991,DENTON MUNICPAL AP,2025-01-21T17:00:00Z,-2.8,1017.8,1042.2,1041.7,0
USW00003991,DENTON MUNICPAL AP,2025-01-21T18:00:00Z,-1.7,1016.5,1040.9,1040.3,0
USW00003991,DENTON MUNICPAL AP,2025-01-21T19:00:00Z,-1.7,1015.1,1039.6,1038.9,0
